Original,Mapped
0,10000
1,10001
2,10002
3,10003
4,10004
5,10005
6,10006
7,10007
8,10008
9,10009
10,10010
11,10011
12,10012
13,10013
14,10014
15,10015
16,10016
17,10017
18,10018
19,10019
20,10020
21,10021
22,10022
23,10023
24,10024
25,10025
26,10026
27,10027
28,10028
29,10029
30,10030
31,10031
32,10032
33,10033
34,10034
35,10035
36,10036
37,10037
38,10038
39,10039
40,10040
41,10041
42,10042
43,10043
44,10044
45,10045
46,10046
47,10047
48,10048
49,10049
50,10050
51,10051
52,10052
53,10053
54,10054
55,10055
56,10056
57,10057
58,10058
59,10059
60,10060
61,10061
62,10062
63,10063
64,10064
65,10065
66,10066
67,10067
68,10068
69,10069
70,10070
71,10071
72,10072
73,10073
74,10074
75,10075
76,10076
77,10077
78,10078
79,10079
80,10080
81,10081
82,10082
83,10083
84,10084
85,10085
86,10086
87,10087
88,10088
89,10089
90,10090
91,10091
92,10092
93,10093
94,10094
95,10095
96,10096
97,10097
98,10098
99,10099
100,10100
101,10101
102,10102
103,10103
104,10104
105,10105
106,10106
107,10107
108,10108
109,10109
110,10110
111,10111
112,10112
113,10113
114,10114
115,10115
116,10116
117,10117
118,10118
119,10119
120,10120
121,10121
122,10122
123,10123
124,10124
125,10125
126,10126
127,10127
128,10128
129,10129
130,10130
131,10131
132,10132
133,10133
134,10134
135,10135
136,10136
137,10137
138,10138
139,10139
140,10140
141,10141
142,10142
143,10143
144,10144
145,10145
146,10146
147,10147
148,10148
149,10149
150,10150
151,10151
152,10152
153,10153
154,10154
155,10155
156,10156
157,10157
158,10158
159,10159
160,10160
161,10161
162,10162
163,10163
164,10164
165,10165
166,10166
167,10167
168,10168
169,10169
170,10170
171,10171
172,10172
173,10173
174,10174
175,10175
176,10176
177,10177
178,10178
179,10179
180,10180
181,10181
182,10182
183,10183
184,10184
185,10185
186,10186
187,10187
188,10188
189,10189
190,10190
191,10191
192,10192
193,10193
194,10194
195,10195
196,10196
197,10197
198,10198
199,10199
200,10200
201,10201
202,10202
203,10203
204,10204
205,10205
206,10206
207,10207
208,10208
209,10209
210,10210
211,10211
212,10212
213,10213
214,10214
215,10215
216,10216
217,10217
218,10218
219,10219
220,10220
221,10221
222,10222
223,10223
224,10224
225,10225
226,10226
227,10227
228,10228
229,10229
230,10230
231,10231
232,10232
233,10233
234,10234
235,10235
236,10236
237,10237
238,10238
239,10239
240,10240
241,10241
242,10242
243,10243
244,10244
245,10245
246,10246
247,10247
248,10248
249,10249
250,10250
251,10251
252,10252
253,10253
254,10254
255,10255
256,10256
257,10257
258,10258
259,10259
260,10260
261,10261
262,10262
263,10263
264,10264
265,10265
266,10266
267,10267
268,10268
269,10269
270,10270
271,10271
272,10272
273,10273
274,10274
275,10275
276,10276
277,10277
278,10278
279,10279
280,10280
281,10281
282,10282
283,10283
284,10284
285,10285
286,10286
287,10287
288,10288
289,10289
290,10290
291,10291
292,10292
293,10293
294,10294
295,10295
296,10296
297,10297
298,10298
299,10299
300,10300
301,10301
302,10302
303,10303
304,10304
305,10305
306,10306
307,10307
308,10308
309,10309
310,10310
311,10311
312,10312
313,10313
314,10314
315,10315
316,10316
317,10317
318,10318
319,10319
320,10320
321,10321
322,10322
323,10323
324,10324
325,10325
326,10326
327,10327
328,10328
329,10329
330,10330
331,10331
332,10332
333,10333
334,10334
335,10335
336,10336
337,10337
338,10338
339,10339
340,10340
341,10341
342,10342
343,10343
344,10344
345,10345
346,10346
347,10347
348,10348
349,10349
350,10350
351,10351
352,10352
353,10353
354,10354
355,10355
356,10356
357,10357
358,10358
359,10359
360,10360
361,10361
362,10362
363,10363
364,10364
365,10365
366,10366
367,10367
368,10368
369,10369
370,10370
371,10371
372,10372
373,10373
374,10374
375,10375
376,10376
377,10377
378,10378
379,10379
380,10380
381,10381
382,10382
383,10383
384,10384
385,10385
386,10386
387,10387
388,10388
389,10389
390,10390
391,10391
392,10392
393,10393
394,10394
395,10395
396,10396
397,10397
398,10398
399,10399
400,10400
401,10401
402,10402
403,10403
404,10404
405,10405
406,10406
407,10407
408,10408
409,10409
410,10410
411,10411
412,10412
413,10413
414,10414
415,10415
416,10416
417,10417
418,10418
419,10419
420,10420
421,10421
422,10422
423,10423
424,10424
425,10425
426,10426
427,10427
428,10428
429,10429
430,10430
431,10431
432,10432
433,10433
434,10434
435,10435
436,10436
437,10437
438,10438
439,10439
440,10440
441,10441
442,10442
443,10443
444,10444
445,10445
446,10446
447,10447
448,10448
449,10449
450,10450
451,10451
452,10452
453,10453
454,10454
455,10455
456,10456
457,10457
458,10458
459,10459
460,10460
461,10461
462,10462
463,10463
464,10464
465,10465
466,10466
467,10467
468,10468
469,10469
470,10470
471,10471
472,10472
473,10473
474,10474
475,10475
476,10476
477,10477
478,10478
479,10479
480,10480
481,10481
482,10482
483,10483
484,10484
485,10485
486,10486
487,10487
488,10488
489,10489
490,10490
491,10491
492,10492
493,10493
494,10494
495,10495
496,10496
497,10497
498,10498
499,10499
500,10500
501,10501
502,10502
503,10503
504,10504
505,10505
506,10506
507,10507
508,10508
509,10509
510,10510
511,10511
512,10512
513,10513
514,10514
515,10515
516,10516
517,10517
518,10518
519,10519
520,10520
521,10521
522,10522
523,10523
524,10524
525,10525
526,10526
527,10527
528,10528
529,10529
530,10530
531,10531
532,10532
533,10533
534,10534
535,10535
536,10536
537,10537
538,10538
539,10539
540,10540
541,10541
542,10542
543,10543
544,10544
545,10545
546,10546
547,10547
548,10548
549,10549
550,10550
551,10551
552,10552
553,10553
554,10554
555,10555
556,10556
557,10557
558,10558
559,10559
560,10560
561,10561
562,10562
563,10563
564,10564
565,10565
566,10566
567,10567
568,10568
569,10569
570,10570
571,10571
572,10572
573,10573
574,10574
575,10575
576,10576
577,10577
578,10578
579,10579
580,10580
581,10581
582,10582
583,10583
584,10584
585,10585
586,10586
587,10587
588,10588
589,10589
590,10590
591,10591
592,10592
593,10593
594,10594
595,10595
596,10596
597,10597
598,10598
599,10599
600,10600
601,10601
602,10602
603,10603
604,10604
605,10605
606,10606
607,10607
608,10608
609,10609
610,10610
611,10611
612,10612
613,10613
614,10614
615,10615
616,10616
617,10617
618,10618
619,10619
620,10620
621,10621
622,10622
623,10623
624,10624
625,10625
626,10626
627,10627
628,10628
629,10629
630,10630
631,10631
632,10632
633,10633
634,10634
635,10635
636,10636
637,10637
638,10638
639,10639
640,10640
641,10641
642,10642
643,10643
644,10644
645,10645
646,10646
647,10647
648,10648
649,10649
650,10650
651,10651
652,10652
653,10653
654,10654
655,10655
656,10656
657,10657
658,10658
659,10659
660,10660
661,10661
662,10662
663,10663
664,10664
665,10665
666,10666
667,10667
668,10668
669,10669
670,10670
671,10671
672,10672
673,10673
674,10674
675,10675
676,10676
677,10677
678,10678
679,10679
680,10680
681,10681
682,10682
683,10683
684,10684
685,10685
686,10686
687,10687
688,10688
689,10689
690,10690
691,10691
692,10692
693,10693
694,10694
695,10695
696,10696
697,10697
698,10698
699,10699
700,10700
701,10701
702,10702
703,10703
704,10704
705,10705
706,10706
707,10707
708,10708
709,10709
710,10710
711,10711
712,10712
713,10713
714,10714
715,10715
716,10716
717,10717
718,10718
719,10719
720,10720
721,10721
722,10722
723,10723
724,10724
725,10725
726,10726
727,10727
728,10728
729,10729
730,10730
731,10731
732,10732
733,10733
734,10734
735,10735
736,10736
737,10737
738,10738
739,10739
740,10740
741,10741
742,10742
743,10743
744,10744
745,10745
746,10746
747,10747
748,10748
749,10749
750,10750
751,10751
752,10752
753,10753
754,10754
755,10755
756,10756
757,10757
758,10758
759,10759
760,10760
761,10761
762,10762
763,10763
764,10764
765,10765
766,10766
767,10767
768,10768
769,10769
770,10770
771,10771
772,10772
773,10773
774,10774
775,10775
776,10776
777,10777
778,10778
779,10779
780,10780
781,10781
782,10782
783,10783
784,10784
785,10785
786,10786
787,10787
788,10788
789,10789
790,10790
791,10791
792,10792
793,10793
794,10794
795,10795
796,10796
797,10797
798,10798
799,10799
800,10800
801,10801
802,10802
803,10803
804,10804
805,10805
806,10806
807,10807
808,10808
809,10809
810,10810
811,10811
812,10812
813,10813
814,10814
815,10815
816,10816
817,10817
818,10818
819,10819
820,10820
821,10821
822,10822
823,10823
824,10824
825,10825
826,10826
827,10827
828,10828
829,10829
830,10830
831,10831
832,10832
833,10833
834,10834
835,10835
836,10836
837,10837
838,10838
839,10839
840,10840
841,10841
842,10842
843,10843
844,10844
845,10845
846,10846
847,10847
848,10848
849,10849
850,10850
851,10851
852,10852
853,10853
854,10854
855,10855
856,10856
857,10857
858,10858
859,10859
860,10860
861,10861
862,10862
863,10863
864,10864
865,10865
866,10866
867,10867
868,10868
869,10869
870,10870
871,10871
872,10872
873,10873
874,10874
875,10875
876,10876
877,10877
878,10878
879,10879
880,10880
881,10881
882,10882
883,10883
884,10884
885,10885
886,10886
887,10887
888,10888
889,10889
890,10890
891,10891
892,10892
893,10893
894,10894
895,10895
896,10896
897,10897
898,10898
899,10899
900,10900
901,10901
902,10902
903,10903
904,10904
905,10905
906,10906
907,10907
908,10908
909,10909
910,10910
911,10911
912,10912
913,10913
914,10914
915,10915
916,10916
917,10917
918,10918
919,10919
920,10920
921,10921
922,10922
923,10923
924,10924
925,10925
926,10926
927,10927
928,10928
929,10929
930,10930
931,10931
932,10932
933,10933
934,10934
935,10935
936,10936
937,10937
938,10938
939,10939
940,10940
941,10941
942,10942
943,10943
944,10944
945,10945
946,10946
947,10947
948,10948
949,10949
950,10950
951,10951
952,10952
953,10953
954,10954
955,10955
956,10956
957,10957
958,10958
959,10959
960,10960
961,10961
962,10962
963,10963
964,10964
965,10965
966,10966
967,10967
968,10968
969,10969
970,10970
971,10971
972,10972
973,10973
974,10974
975,10975
976,10976
977,10977
978,10978
979,10979
980,10980
981,10981
982,10982
983,10983
984,10984
985,10985
986,10986
987,10987
988,10988
989,10989
990,10990
991,10991
992,10992
993,10993
994,10994
995,10995
996,10996
997,10997
998,10998
999,10999
1000,11000
1001,11001
1002,11002
1003,11003
1004,11004
1005,11005
1006,11006
1007,11007
1008,11008
1009,11009
1010,11010
1011,11011
1012,11012
1013,11013
1014,11014
1015,11015
1016,11016
1017,11017
1018,11018
1019,11019
1020,11020
1021,11021
1022,11022
1023,11023
1024,11024
1025,11025
1026,11026
1027,11027
1028,11028
1029,11029
1030,11030
1031,11031
1032,11032
1033,11033
1034,11034
1035,11035
1036,11036
1037,11037
1038,11038
1039,11039
1040,11040
1041,11041
1042,11042
1043,11043
1044,11044
1045,11045
1046,11046
1047,11047
1048,11048
1049,11049
1050,11050
1051,11051
1052,11052
1053,11053
1054,11054
1055,11055
1056,11056
1057,11057
1058,11058
1059,11059
1060,11060
1061,11061
1062,11062
1063,11063
1064,11064
1065,11065
1066,11066
1067,11067
1068,11068
1069,11069
1070,11070
1071,11071
1072,11072
1073,11073
1074,11074
1075,11075
1076,11076
1077,11077
1078,11078
1079,11079
1080,11080
1081,11081
1082,11082
1083,11083
1084,11084
1085,11085
1086,11086
1087,11087
1088,11088
1089,11089
1090,11090
1091,11091
1092,11092
1093,11093
1094,11094
1095,11095
1096,11096
1097,11097
1098,11098
1099,11099
1100,11100
1101,11101
1102,11102
1103,11103
1104,11104
1105,11105
1106,11106
1107,11107
1108,11108
1109,11109
1110,11110
1111,11111
1112,11112
1113,11113
1114,11114
1115,11115
1116,11116
1117,11117
1118,11118
1119,11119
1120,11120
1121,11121
1122,11122
1123,11123
1124,11124
1125,11125
1126,11126
1127,11127
1128,11128
1129,11129
1130,11130
1131,11131
1132,11132
1133,11133
1134,11134
1135,11135
1136,11136
1137,11137
1138,11138
1139,11139
1140,11140
1141,11141
1142,11142
1143,11143
1144,11144
1145,11145
1146,11146
1147,11147
1148,11148
1149,11149
1150,11150
1151,11151
1152,11152
1153,11153
1154,11154
1155,11155
1156,11156
1157,11157
1158,11158
1159,11159
1160,11160
1161,11161
1162,11162
1163,11163
1164,11164
1165,11165
1166,11166
1167,11167
1168,11168
1169,11169
1170,11170
1171,11171
1172,11172
1173,11173
1174,11174
1175,11175
1176,11176
1177,11177
1178,11178
1179,11179
1180,11180
1181,11181
1182,11182
1183,11183
1184,11184
1185,11185
1186,11186
1187,11187
1188,11188
1189,11189
1190,11190
1191,11191
1192,11192
1193,11193
1194,11194
1195,11195
1196,11196
1197,11197
1198,11198
1199,11199
1200,11200
1201,11201
1202,11202
1203,11203
1204,11204
1205,11205
1206,11206
1207,11207
1208,11208
1209,11209
1210,11210
1211,11211
1212,11212
1213,11213
1214,11214
1215,11215
1216,11216
1217,11217
1218,11218
1219,11219
1220,11220
1221,11221
1222,11222
1223,11223
1224,11224
1225,11225
1226,11226
1227,11227
1228,11228
1229,11229
1230,11230
1231,11231
1232,11232
1233,11233
1234,11234
1235,11235
1236,11236
1237,11237
1238,11238
1239,11239
1240,11240
1241,11241
1242,11242
1243,11243
1244,11244
1245,11245
1246,11246
1247,11247
1248,11248
1249,11249
1250,11250
1251,11251
1252,11252
1253,11253
1254,11254
1255,11255
1256,11256
1257,11257
1258,11258
1259,11259
1260,11260
1261,11261
1262,11262
1263,11263
1264,11264
1265,11265
1266,11266
1267,11267
1268,11268
1269,11269
1270,11270
1271,11271
1272,11272
1273,11273
1274,11274
1275,11275
1276,11276
1277,11277
1278,11278
1279,11279
1280,11280
1281,11281
1282,11282
1283,11283
1284,11284
1285,11285
1286,11286
1287,11287
1288,11288
1289,11289
1290,11290
1291,11291
1292,11292
1293,11293
1294,11294
1295,11295
1296,11296
1297,11297
1298,11298
1299,11299
1300,11300
1301,11301
1302,11302
1303,11303
1304,11304
1305,11305
1306,11306
1307,11307
1308,11308
1309,11309
1310,11310
1311,11311
1312,11312
1313,11313
1314,11314
1315,11315
1316,11316
1317,11317
1318,11318
1319,11319
1320,11320
1321,11321
1322,11322
1323,11323
1324,11324
1325,11325
1326,11326
1327,11327
1328,11328
1329,11329
1330,11330
1331,11331
1332,11332
1333,11333
1334,11334
1335,11335
1336,11336
1337,11337
1338,11338
1339,11339
1340,11340
1341,11341
1342,11342
1343,11343
1344,11344
1345,11345
1346,11346
1347,11347
1348,11348
1349,11349
1350,11350
1351,11351
1352,11352
1353,11353
1354,11354
1355,11355
1356,11356
1357,11357
1358,11358
1359,11359
1360,11360
1361,11361
1362,11362
1363,11363
1364,11364
1365,11365
1366,11366
1367,11367
1368,11368
1369,11369
1370,11370
1371,11371
1372,11372
1373,11373
1374,11374
1375,11375
1376,11376
1377,11377
1378,11378
1379,11379
1380,11380
1381,11381
1382,11382
1383,11383
1384,11384
1385,11385
1386,11386
1387,11387
1388,11388
1389,11389
1390,11390
1391,11391
1392,11392
1393,11393
1394,11394
1395,11395
1396,11396
1397,11397
1398,11398
1399,11399
1400,11400
1401,11401
1402,11402
1403,11403
1404,11404
1405,11405
1406,11406
1407,11407
1408,11408
1409,11409
1410,11410
1411,11411
1412,11412
1413,11413
1414,11414
1415,11415
1416,11416
1417,11417
1418,11418
1419,11419
1420,11420
1421,11421
1422,11422
1423,11423
1424,11424
1425,11425
1426,11426
1427,11427
1428,11428
1429,11429
1430,11430
1431,11431
1432,11432
1433,11433
1434,11434
1435,11435
1436,11436
1437,11437
1438,11438
1439,11439
1440,11440
1441,11441
1442,11442
1443,11443
1444,11444
1445,11445
1446,11446
1447,11447
1448,11448
1449,11449
1450,11450
1451,11451
1452,11452
1453,11453
1454,11454
1455,11455
1456,11456
1457,11457
1458,11458
1459,11459
1460,11460
1461,11461
1462,11462
1463,11463
1464,11464
1465,11465
1466,11466
1467,11467
1468,11468
1469,11469
1470,11470
1471,11471
1472,11472
1473,11473
1474,11474
1475,11475
1476,11476
1477,11477
1478,11478
1479,11479
1480,11480
1481,11481
1482,11482
1483,11483
1484,11484
1485,11485
1486,11486
1487,11487
1488,11488
1489,11489
1490,11490
1491,11491
1492,11492
1493,11493
1494,11494
1495,11495
1496,11496
1497,11497
1498,11498
1499,11499
1500,11500
1501,11501
1502,11502
1503,11503
1504,11504
1505,11505
1506,11506
1507,11507
1508,11508
1509,11509
1510,11510
1511,11511
1512,11512
1513,11513
1514,11514
1515,11515
1516,11516
1517,11517
1518,11518
1519,11519
1520,11520
1521,11521
1522,11522
1523,11523
1524,11524
1525,11525
1526,11526
1527,11527
1528,11528
1529,11529
1530,11530
1531,11531
1532,11532
1533,11533
1534,11534
1535,11535
1536,11536
1537,11537
1538,11538
1539,11539
1540,11540
1541,11541
1542,11542
1543,11543
1544,11544
1545,11545
1546,11546
1547,11547
1548,11548
1549,11549
1550,11550
1551,11551
1552,11552
1553,11553
1554,11554
1555,11555
1556,11556
1557,11557
1558,11558
1559,11559
1560,11560
1561,11561
1562,11562
1563,11563
1564,11564
1565,11565
1566,11566
1567,11567
1568,11568
1569,11569
1570,11570
1571,11571
1572,11572
1573,11573
1574,11574
1575,11575
1576,11576
1577,11577
1578,11578
1579,11579
1580,11580
1581,11581
1582,11582
1583,11583
1584,11584
1585,11585
1586,11586
1587,11587
1588,11588
1589,11589
1590,11590
1591,11591
1592,11592
1593,11593
1594,11594
1595,11595
1596,11596
1597,11597
1598,11598
1599,11599
1600,11600
1601,11601
1602,11602
1603,11603
1604,11604
1605,11605
1606,11606
1607,11607
1608,11608
1609,11609
1610,11610
1611,11611
1612,11612
1613,11613
1614,11614
1615,11615
1616,11616
1617,11617
1618,11618
1619,11619
1620,11620
1621,11621
1622,11622
1623,11623
1624,11624
1625,11625
1626,11626
1627,11627
1628,11628
1629,11629
1630,11630
1631,11631
1632,11632
1633,11633
1634,11634
1635,11635
1636,11636
1637,11637
1638,11638
1639,11639
1640,11640
1641,11641
1642,11642
1643,11643
1644,11644
1645,11645
1646,11646
1647,11647
1648,11648
1649,11649
1650,11650
1651,11651
1652,11652
1653,11653
1654,11654
1655,11655
1656,11656
1657,11657
1658,11658
1659,11659
1660,11660
1661,11661
1662,11662
1663,11663
1664,11664
1665,11665
1666,11666
1667,11667
1668,11668
1669,11669
1670,11670
1671,11671
1672,11672
1673,11673
1674,11674
1675,11675
1676,11676
1677,11677
1678,11678
1679,11679
1680,11680
1681,11681
1682,11682
1683,11683
1684,11684
1685,11685
1686,11686
1687,11687
1688,11688
1689,11689
1690,11690
1691,11691
1692,11692
1693,11693
1694,11694
1695,11695
1696,11696
1697,11697
1698,11698
1699,11699
1700,11700
1701,11701
1702,11702
1703,11703
1704,11704
1705,11705
1706,11706
1707,11707
1708,11708
1709,11709
1710,11710
1711,11711
1712,11712
1713,11713
1714,11714
1715,11715
1716,11716
1717,11717
1718,11718
1719,11719
1720,11720
1721,11721
1722,11722
1723,11723
1724,11724
1725,11725
1726,11726
1727,11727
1728,11728
1729,11729
1730,11730
1731,11731
1732,11732
1733,11733
1734,11734
1735,11735
1736,11736
1737,11737
1738,11738
1739,11739
1740,11740
1741,11741
1742,11742
1743,11743
1744,11744
1745,11745
1746,11746
1747,11747
1748,11748
1749,11749
1750,11750
1751,11751
1752,11752
1753,11753
1754,11754
1755,11755
1756,11756
1757,11757
1758,11758
1759,11759
1760,11760
1761,11761
1762,11762
1763,11763
1764,11764
1765,11765
1766,11766
1767,11767
1768,11768
1769,11769
1770,11770
1771,11771
1772,11772
1773,11773
1774,11774
1775,11775
1776,11776
1777,11777
1778,11778
1779,11779
1780,11780
1781,11781
1782,11782
1783,11783
1784,11784
1785,11785
1786,11786
1787,11787
1788,11788
1789,11789
1790,11790
1791,11791
1792,11792
1793,11793
1794,11794
1795,11795
1796,11796
1797,11797
1798,11798
1799,11799
1800,11800
1801,11801
1802,11802
1803,11803
1804,11804
1805,11805
1806,11806
1807,11807
1808,11808
1809,11809
1810,11810
1811,11811
1812,11812
1813,11813
1814,11814
1815,11815
1816,11816
1817,11817
1818,11818
1819,11819
1820,11820
1821,11821
1822,11822
1823,11823
1824,11824
1825,11825
1826,11826
1827,11827
1828,11828
1829,11829
1830,11830
1831,11831
1832,11832
1833,11833
1834,11834
1835,11835
1836,11836
1837,11837
1838,11838
1839,11839
1840,11840
1841,11841
1842,11842
1843,11843
1844,11844
1845,11845
1846,11846
1847,11847
1848,11848
1849,11849
1850,11850
1851,11851
1852,11852
1853,11853
1854,11854
1855,11855
1856,11856
1857,11857
1858,11858
1859,11859
1860,11860
1861,11861
1862,11862
1863,11863
1864,11864
1865,11865
1866,11866
1867,11867
1868,11868
1869,11869
1870,11870
1871,11871
1872,11872
1873,11873
1874,11874
1875,11875
1876,11876
1877,11877
1878,11878
1879,11879
1880,11880
1881,11881
1882,11882
1883,11883
1884,11884
1885,11885
1886,11886
1887,11887
1888,11888
1889,11889
1890,11890
1891,11891
1892,11892
1893,11893
1894,11894
1895,11895
1896,11896
1897,11897
1898,11898
1899,11899
1900,11900
1901,11901
1902,11902
1903,11903
1904,11904
1905,11905
1906,11906
1907,11907
1908,11908
1909,11909
1910,11910
1911,11911
1912,11912
1913,11913
1914,11914
1915,11915
1916,11916
1917,11917
1918,11918
1919,11919
1920,11920
1921,11921
1922,11922
1923,11923
1924,11924
1925,11925
1926,11926
1927,11927
1928,11928
1929,11929
1930,11930
1931,11931
1932,11932
1933,11933
1934,11934
1935,11935
1936,11936
1937,11937
1938,11938
1939,11939
1940,11940
1941,11941
1942,11942
1943,11943
1944,11944
1945,11945
1946,11946
1947,11947
1948,11948
1949,11949
1950,11950
1951,11951
1952,11952
1953,11953
1954,11954
1955,11955
1956,11956
1957,11957
1958,11958
1959,11959
1960,11960
1961,11961
1962,11962
1963,11963
1964,11964
1965,11965
1966,11966
1967,11967
1968,11968
1969,11969
1970,11970
1971,11971
1972,11972
1973,11973
1974,11974
1975,11975
1976,11976
1977,11977
1978,11978
1979,11979
1980,11980
1981,11981
1982,11982
1983,11983
1984,11984
1985,11985
1986,11986
1987,11987
1988,11988
1989,11989
1990,11990
1991,11991
1992,11992
1993,11993
1994,11994
1995,11995
1996,11996
1997,11997
1998,11998
1999,11999
2000,12000
2001,12001
2002,12002
2003,12003
2004,12004
2005,12005
2006,12006
2007,12007
2008,12008
2009,12009
2010,12010
2011,12011
2012,12012
2013,12013
2014,12014
2015,12015
2016,12016
2017,12017
2018,12018
2019,12019
2020,12020
2021,12021
2022,12022
2023,12023
2024,12024
2025,12025
2026,12026
2027,12027
2028,12028
2029,12029
2030,12030
2031,12031
2032,12032
2033,12033
2034,12034
2035,12035
2036,12036
2037,12037
2038,12038
2039,12039
2040,12040
2041,12041
2042,12042
2043,12043
2044,12044
2045,12045
2046,12046
2047,12047
2048,12048
2049,12049
2050,12050
2051,12051
2052,12052
2053,12053
2054,12054
2055,12055
2056,12056
2057,12057
2058,12058
2059,12059
2060,12060
2061,12061
2062,12062
2063,12063
2064,12064
2065,12065
2066,12066
2067,12067
2068,12068
2069,12069
2070,12070
2071,12071
2072,12072
2073,12073
2074,12074
2075,12075
2076,12076
2077,12077
2078,12078
2079,12079
2080,12080
2081,12081
2082,12082
2083,12083
2084,12084
2085,12085
2086,12086
2087,12087
2088,12088
2089,12089
2090,12090
2091,12091
2092,12092
2093,12093
2094,12094
2095,12095
2096,12096
2097,12097
2098,12098
2099,12099
2100,12100
2101,12101
2102,12102
2103,12103
2104,12104
2105,12105
2106,12106
2107,12107
2108,12108
2109,12109
2110,12110
2111,12111
2112,12112
2113,12113
2114,12114
2115,12115
2116,12116
2117,12117
2118,12118
2119,12119
2120,12120
2121,12121
2122,12122
2123,12123
2124,12124
2125,12125
2126,12126
2127,12127
2128,12128
2129,12129
2130,12130
2131,12131
2132,12132
2133,12133
2134,12134
2135,12135
2136,12136
2137,12137
2138,12138
2139,12139
2140,12140
2141,12141
2142,12142
2143,12143
2144,12144
2145,12145
2146,12146
2147,12147
2148,12148
2149,12149
2150,12150
2151,12151
2152,12152
2153,12153
2154,12154
2155,12155
2156,12156
2157,12157
2158,12158
2159,12159
2160,12160
2161,12161
2162,12162
2163,12163
2164,12164
2165,12165
2166,12166
2167,12167
2168,12168
2169,12169
2170,12170
2171,12171
2172,12172
2173,12173
2174,12174
2175,12175
2176,12176
2177,12177
2178,12178
2179,12179
2180,12180
2181,12181
2182,12182
2183,12183
2184,12184
2185,12185
2186,12186
2187,12187
2188,12188
2189,12189
2190,12190
2191,12191
2192,12192
2193,12193
2194,12194
2195,12195
2196,12196
2197,12197
2198,12198
2199,12199
2200,12200
2201,12201
2202,12202
2203,12203
2204,12204
2205,12205
2206,12206
2207,12207
2208,12208
2209,12209
2210,12210
2211,12211
2212,12212
2213,12213
2214,12214
2215,12215
2216,12216
2217,12217
2218,12218
2219,12219
2220,12220
2221,12221
2222,12222
2223,12223
2224,12224
2225,12225
2226,12226
2227,12227
2228,12228
2229,12229
2230,12230
2231,12231
2232,12232
2233,12233
2234,12234
2235,12235
2236,12236
2237,12237
2238,12238
2239,12239
2240,12240
2241,12241
2242,12242
2243,12243
2244,12244
2245,12245
2246,12246
2247,12247
2248,12248
2249,12249
2250,12250
2251,12251
2252,12252
2253,12253
2254,12254
2255,12255
2256,12256
2257,12257
2258,12258
2259,12259
2260,12260
2261,12261
2262,12262
2263,12263
2264,12264
2265,12265
2266,12266
2267,12267
2268,12268
2269,12269
2270,12270
2271,12271
2272,12272
2273,12273
2274,12274
2275,12275
2276,12276
2277,12277
2278,12278
2279,12279
2280,12280
2281,12281
2282,12282
2283,12283
2284,12284
2285,12285
2286,12286
2287,12287
2288,12288
2289,12289
2290,12290
2291,12291
2292,12292
2293,12293
2294,12294
2295,12295
2296,12296
2297,12297
2298,12298
2299,12299
2300,12300
2301,12301
2302,12302
2303,12303
2304,12304
2305,12305
2306,12306
2307,12307
2308,12308
2309,12309
2310,12310
2311,12311
2312,12312
2313,12313
2314,12314
2315,12315
2316,12316
2317,12317
2318,12318
2319,12319
2320,12320
2321,12321
2322,12322
2323,12323
2324,12324
2325,12325
2326,12326
2327,12327
2328,12328
2329,12329
2330,12330
2331,12331
2332,12332
2333,12333
2334,12334
2335,12335
2336,12336
2337,12337
2338,12338
2339,12339
2340,12340
2341,12341
2342,12342
2343,12343
2344,12344
2345,12345
2346,12346
2347,12347
2348,12348
2349,12349
2350,12350
2351,12351
2352,12352
2353,12353
2354,12354
2355,12355
2356,12356
2357,12357
2358,12358
2359,12359
2360,12360
2361,12361
2362,12362
2363,12363
2364,12364
2365,12365
2366,12366
2367,12367
2368,12368
2369,12369
2370,12370
2371,12371
2372,12372
2373,12373
2374,12374
2375,12375
2376,12376
2377,12377
2378,12378
2379,12379
2380,12380
2381,12381
2382,12382
2383,12383
2384,12384
2385,12385
2386,12386
2387,12387
2388,12388
2389,12389
2390,12390
2391,12391
2392,12392
2393,12393
2394,12394
2395,12395
2396,12396
2397,12397
2398,12398
2399,12399
2400,12400
2401,12401
2402,12402
2403,12403
2404,12404
2405,12405
2406,12406
2407,12407
2408,12408
2409,12409
2410,12410
2411,12411
2412,12412
2413,12413
2414,12414
2415,12415
2416,12416
2417,12417
2418,12418
2419,12419
2420,12420
2421,12421
2422,12422
2423,12423
2424,12424
2425,12425
2426,12426
2427,12427
2428,12428
2429,12429
2430,12430
2431,12431
2432,12432
2433,12433
2434,12434
2435,12435
2436,12436
2437,12437
2438,12438
2439,12439
2440,12440
2441,12441
2442,12442
2443,12443
2444,12444
2445,12445
2446,12446
2447,12447
2448,12448
2449,12449
2450,12450
2451,12451
2452,12452
2453,12453
2454,12454
2455,12455
2456,12456
2457,12457
2458,12458
2459,12459
2460,12460
2461,12461
2462,12462
2463,12463
2464,12464
2465,12465
2466,12466
2467,12467
2468,12468
2469,12469
2470,12470
2471,12471
2472,12472
2473,12473
2474,12474
2475,12475
2476,12476
2477,12477
2478,12478
2479,12479
2480,12480
2481,12481
2482,12482
2483,12483
2484,12484
2485,12485
2486,12486
2487,12487
2488,12488
2489,12489
2490,12490
2491,12491
2492,12492
2493,12493
2494,12494
2495,12495
2496,12496
2497,12497
2498,12498
2499,12499
2500,12500
2501,12501
2502,12502
2503,12503
2504,12504
2505,12505
2506,12506
2507,12507
2508,12508
2509,12509
2510,12510
2511,12511
2512,12512
2513,12513
2514,12514
2515,12515
2516,12516
2517,12517
2518,12518
2519,12519
2520,12520
2521,12521
2522,12522
2523,12523
2524,12524
2525,12525
2526,12526
2527,12527
2528,12528
2529,12529
2530,12530
2531,12531
2532,12532
2533,12533
2534,12534
2535,12535
2536,12536
2537,12537
2538,12538
2539,12539
2540,12540
2541,12541
2542,12542
2543,12543
2544,12544
2545,12545
2546,12546
2547,12547
2548,12548
2549,12549
2550,12550
2551,12551
2552,12552
2553,12553
2554,12554
2555,12555
2556,12556
2557,12557
2558,12558
2559,12559
2560,12560
2561,12561
2562,12562
2563,12563
2564,12564
2565,12565
2566,12566
2567,12567
2568,12568
2569,12569
2570,12570
2571,12571
2572,12572
2573,12573
2574,12574
2575,12575
2576,12576
2577,12577
2578,12578
2579,12579
2580,12580
2581,12581
2582,12582
2583,12583
2584,12584
2585,12585
2586,12586
2587,12587
2588,12588
2589,12589
2590,12590
2591,12591
2592,12592
2593,12593
2594,12594
2595,12595
2596,12596
2597,12597
2598,12598
2599,12599
2600,12600
2601,12601
2602,12602
2603,12603
2604,12604
2605,12605
2606,12606
2607,12607
2608,12608
2609,12609
2610,12610
2611,12611
2612,12612
2613,12613
2614,12614
2615,12615
2616,12616
2617,12617
2618,12618
2619,12619
2620,12620
2621,12621
2622,12622
2623,12623
2624,12624
2625,12625
2626,12626
2627,12627
2628,12628
2629,12629
2630,12630
2631,12631
2632,12632
2633,12633
2634,12634
2635,12635
2636,12636
2637,12637
2638,12638
2639,12639
2640,12640
2641,12641
2642,12642
2643,12643
2644,12644
2645,12645
2646,12646
2647,12647
2648,12648
2649,12649
2650,12650
2651,12651
2652,12652
2653,12653
2654,12654
2655,12655
2656,12656
2657,12657
2658,12658
2659,12659
2660,12660
2661,12661
2662,12662
2663,12663
2664,12664
2665,12665
2666,12666
2667,12667
2668,12668
2669,12669
2670,12670
2671,12671
2672,12672
2673,12673
2674,12674
2675,12675
2676,12676
2677,12677
2678,12678
2679,12679
2680,12680
2681,12681
2682,12682
2683,12683
2684,12684
2685,12685
2686,12686
2687,12687
2688,12688
2689,12689
2690,12690
2691,12691
2692,12692
2693,12693
2694,12694
2695,12695
2696,12696
2697,12697
2698,12698
2699,12699
2700,12700
2701,12701
2702,12702
2703,12703
2704,12704
2705,12705
2706,12706
2707,12707
2708,12708
2709,12709
2710,12710
2711,12711
2712,12712
2713,12713
2714,12714
2715,12715
2716,12716
2717,12717
2718,12718
2719,12719
2720,12720
2721,12721
2722,12722
2723,12723
2724,12724
2725,12725
2726,12726
2727,12727
2728,12728
2729,12729
2730,12730
2731,12731
2732,12732
2733,12733
2734,12734
2735,12735
2736,12736
2737,12737
2738,12738
2739,12739
2740,12740
2741,12741
2742,12742
2743,12743
2744,12744
2745,12745
2746,12746
2747,12747
2748,12748
2749,12749
2750,12750
2751,12751
2752,12752
2753,12753
2754,12754
2755,12755
2756,12756
2757,12757
2758,12758
2759,12759
2760,12760
2761,12761
2762,12762
2763,12763
2764,12764
2765,12765
2766,12766
2767,12767
2768,12768
2769,12769
2770,12770
2771,12771
2772,12772
2773,12773
2774,12774
2775,12775
2776,12776
2777,12777
2778,12778
2779,12779
2780,12780
2781,12781
2782,12782
2783,12783
2784,12784
2785,12785
2786,12786
2787,12787
2788,12788
2789,12789
2790,12790
2791,12791
2792,12792
2793,12793
2794,12794
2795,12795
2796,12796
2797,12797
2798,12798
2799,12799
2800,12800
2801,12801
2802,12802
2803,12803
2804,12804
2805,12805
2806,12806
2807,12807
2808,12808
2809,12809
2810,12810
2811,12811
2812,12812
2813,12813
2814,12814
2815,12815
2816,12816
2817,12817
2818,12818
2819,12819
2820,12820
2821,12821
2822,12822
2823,12823
2824,12824
2825,12825
2826,12826
2827,12827
2828,12828
2829,12829
2830,12830
2831,12831
2832,12832
2833,12833
2834,12834
2835,12835
2836,12836
2837,12837
2838,12838
2839,12839
2840,12840
2841,12841
2842,12842
2843,12843
2844,12844
2845,12845
2846,12846
2847,12847
2848,12848
2849,12849
2850,12850
2851,12851
2852,12852
2853,12853
2854,12854
2855,12855
2856,12856
2857,12857
2858,12858
2859,12859
2860,12860
2861,12861
2862,12862
2863,12863
2864,12864
2865,12865
2866,12866
2867,12867
2868,12868
2869,12869
2870,12870
2871,12871
2872,12872
2873,12873
2874,12874
2875,12875
2876,12876
2877,12877
2878,12878
2879,12879
2880,12880
2881,12881
2882,12882
2883,12883
2884,12884
2885,12885
2886,12886
2887,12887
2888,12888
2889,12889
2890,12890
2891,12891
2892,12892
2893,12893
2894,12894
2895,12895
2896,12896
2897,12897
2898,12898
2899,12899
2900,12900
2901,12901
2902,12902
2903,12903
2904,12904
2905,12905
2906,12906
2907,12907
2908,12908
2909,12909
2910,12910
2911,12911
2912,12912
2913,12913
2914,12914
2915,12915
2916,12916
2917,12917
2918,12918
2919,12919
2920,12920
2921,12921
2922,12922
2923,12923
2924,12924
2925,12925
2926,12926
2927,12927
2928,12928
2929,12929
2930,12930
2931,12931
2932,12932
2933,12933
2934,12934
2935,12935
2936,12936
2937,12937
2938,12938
2939,12939
2940,12940
2941,12941
2942,12942
2943,12943
2944,12944
2945,12945
2946,12946
2947,12947
2948,12948
2949,12949
2950,12950
2951,12951
2952,12952
2953,12953
2954,12954
2955,12955
2956,12956
2957,12957
2958,12958
2959,12959
2960,12960
2961,12961
2962,12962
2963,12963
2964,12964
2965,12965
2966,12966
2967,12967
2968,12968
2969,12969
2970,12970
2971,12971
2972,12972
2973,12973
2974,12974
2975,12975
2976,12976
2977,12977
2978,12978
2979,12979
2980,12980
2981,12981
2982,12982
2983,12983
2984,12984
2985,12985
2986,12986
2987,12987
2988,12988
2989,12989
2990,12990
2991,12991
2992,12992
2993,12993
2994,12994
2995,12995
2996,12996
2997,12997
2998,12998
2999,12999
3000,13000
3001,13001
3002,13002
3003,13003
3004,13004
3005,13005
3006,13006
3007,13007
3008,13008
3009,13009
3010,13010
3011,13011
3012,13012
3013,13013
3014,13014
3015,13015
3016,13016
3017,13017
3018,13018
3019,13019
3020,13020
3021,13021
3022,13022
3023,13023
3024,13024
3025,13025
3026,13026
3027,13027
3028,13028
3029,13029
3030,13030
3031,13031
3032,13032
3033,13033
3034,13034
3035,13035
3036,13036
3037,13037
3038,13038
3039,13039
3040,13040
3041,13041
3042,13042
3043,13043
3044,13044
3045,13045
3046,13046
3047,13047
3048,13048
3049,13049
3050,13050
3051,13051
3052,13052
3053,13053
3054,13054
3055,13055
3056,13056
3057,13057
3058,13058
3059,13059
3060,13060
3061,13061
3062,13062
3063,13063
3064,13064
3065,13065
3066,13066
3067,13067
3068,13068
3069,13069
3070,13070
3071,13071
3072,13072
3073,13073
3074,13074
3075,13075
3076,13076
3077,13077
3078,13078
3079,13079
3080,13080
3081,13081
3082,13082
3083,13083
3084,13084
3085,13085
3086,13086
3087,13087
3088,13088
3089,13089
3090,13090
3091,13091
3092,13092
3093,13093
3094,13094
3095,13095
3096,13096
3097,13097
3098,13098
3099,13099
3100,13100
3101,13101
3102,13102
3103,13103
3104,13104
3105,13105
3106,13106
3107,13107
3108,13108
3109,13109
3110,13110
3111,13111
3112,13112
3113,13113
3114,13114
3115,13115
3116,13116
3117,13117
3118,13118
3119,13119
3120,13120
3121,13121
3122,13122
3123,13123
3124,13124
3125,13125
3126,13126
3127,13127
3128,13128
3129,13129
3130,13130
3131,13131
3132,13132
3133,13133
3134,13134
3135,13135
3136,13136
3137,13137
3138,13138
3139,13139
3140,13140
3141,13141
3142,13142
3143,13143
3144,13144
3145,13145
3146,13146
3147,13147
3148,13148
3149,13149
3150,13150
3151,13151
3152,13152
3153,13153
3154,13154
3155,13155
3156,13156
3157,13157
3158,13158
3159,13159
3160,13160
3161,13161
3162,13162
3163,13163
3164,13164
3165,13165
3166,13166
3167,13167
3168,13168
3169,13169
3170,13170
3171,13171
3172,13172
3173,13173
3174,13174
3175,13175
3176,13176
3177,13177
3178,13178
3179,13179
3180,13180
3181,13181
3182,13182
3183,13183
3184,13184
3185,13185
3186,13186
3187,13187
3188,13188
3189,13189
3190,13190
3191,13191
3192,13192
3193,13193
3194,13194
3195,13195
3196,13196
3197,13197
3198,13198
3199,13199
3200,13200
3201,13201
3202,13202
3203,13203
3204,13204
3205,13205
3206,13206
3207,13207
3208,13208
3209,13209
3210,13210
3211,13211
3212,13212
3213,13213
3214,13214
3215,13215
3216,13216
3217,13217
3218,13218
3219,13219
3220,13220
3221,13221
3222,13222
3223,13223
3224,13224
3225,13225
3226,13226
3227,13227
3228,13228
3229,13229
3230,13230
3231,13231
3232,13232
3233,13233
3234,13234
3235,13235
3236,13236
3237,13237
3238,13238
3239,13239
3240,13240
3241,13241
3242,13242
3243,13243
3244,13244
3245,13245
3246,13246
3247,13247
3248,13248
3249,13249
3250,13250
3251,13251
3252,13252
3253,13253
3254,13254
3255,13255
3256,13256
3257,13257
3258,13258
3259,13259
3260,13260
3261,13261
3262,13262
3263,13263
3264,13264
3265,13265
3266,13266
3267,13267
3268,13268
3269,13269
3270,13270
3271,13271
3272,13272
3273,13273
3274,13274
3275,13275
3276,13276
3277,13277
3278,13278
3279,13279
3280,13280
3281,13281
3282,13282
3283,13283
3284,13284
3285,13285
3286,13286
3287,13287
3288,13288
3289,13289
3290,13290
3291,13291
3292,13292
3293,13293
3294,13294
3295,13295
3296,13296
3297,13297
3298,13298
3299,13299
3300,13300
3301,13301
3302,13302
3303,13303
3304,13304
3305,13305
3306,13306
3307,13307
3308,13308
3309,13309
3310,13310
3311,13311
3312,13312
3313,13313
3314,13314
3315,13315
3316,13316
3317,13317
3318,13318
3319,13319
3320,13320
3321,13321
3322,13322
3323,13323
3324,13324
3325,13325
3326,13326
3327,13327
3328,13328
3329,13329
3330,13330
3331,13331
3332,13332
3333,13333
3334,13334
3335,13335
3336,13336
3337,13337
3338,13338
3339,13339
3340,13340
3341,13341
3342,13342
3343,13343
3344,13344
3345,13345
3346,13346
3347,13347
3348,13348
3349,13349
3350,13350
3351,13351
3352,13352
3353,13353
3354,13354
3355,13355
3356,13356
3357,13357
3358,13358
3359,13359
3360,13360
3361,13361
3362,13362
3363,13363
3364,13364
3365,13365
3366,13366
3367,13367
3368,13368
3369,13369
3370,13370
3371,13371
3372,13372
3373,13373
3374,13374
3375,13375
3376,13376
3377,13377
3378,13378
3379,13379
3380,13380
3381,13381
3382,13382
3383,13383
3384,13384
3385,13385
3386,13386
3387,13387
3388,13388
3389,13389
3390,13390
3391,13391
3392,13392
3393,13393
3394,13394
3395,13395
3396,13396
3397,13397
3398,13398
3399,13399
3400,13400
3401,13401
3402,13402
3403,13403
3404,13404
3405,13405
3406,13406
3407,13407
3408,13408
3409,13409
3410,13410
3411,13411
3412,13412
3413,13413
3414,13414
3415,13415
3416,13416
3417,13417
3418,13418
3419,13419
3420,13420
3421,13421
3422,13422
3423,13423
3424,13424
3425,13425
3426,13426
3427,13427
3428,13428
3429,13429
3430,13430
3431,13431
3432,13432
3433,13433
3434,13434
3435,13435
3436,13436
3437,13437
3438,13438
3439,13439
3440,13440
3441,13441
3442,13442
3443,13443
3444,13444
3445,13445
3446,13446
3447,13447
3448,13448
3449,13449
3450,13450
3451,13451
3452,13452
3453,13453
3454,13454
3455,13455
3456,13456
3457,13457
3458,13458
3459,13459
3460,13460
3461,13461
3462,13462
3463,13463
3464,13464
3465,13465
3466,13466
3467,13467
3468,13468
3469,13469
3470,13470
3471,13471
3472,13472
3473,13473
3474,13474
3475,13475
3476,13476
3477,13477
3478,13478
3479,13479
3480,13480
3481,13481
3482,13482
3483,13483
3484,13484
3485,13485
3486,13486
3487,13487
3488,13488
3489,13489
3490,13490
3491,13491
3492,13492
3493,13493
3494,13494
3495,13495
3496,13496
3497,13497
3498,13498
3499,13499
3500,13500
3501,13501
3502,13502
3503,13503
3504,13504
3505,13505
3506,13506
3507,13507
3508,13508
3509,13509
3510,13510
3511,13511
3512,13512
3513,13513
3514,13514
3515,13515
3516,13516
3517,13517
3518,13518
3519,13519
3520,13520
3521,13521
3522,13522
3523,13523
3524,13524
3525,13525
3526,13526
3527,13527
3528,13528
3529,13529
3530,13530
3531,13531
3532,13532
3533,13533
3534,13534
3535,13535
3536,13536
3537,13537
3538,13538
3539,13539
3540,13540
3541,13541
3542,13542
3543,13543
3544,13544
3545,13545
3546,13546
3547,13547
3548,13548
3549,13549
3550,13550
3551,13551
3552,13552
3553,13553
3554,13554
3555,13555
3556,13556
3557,13557
3558,13558
3559,13559
3560,13560
3561,13561
3562,13562
3563,13563
3564,13564
3565,13565
3566,13566
3567,13567
3568,13568
3569,13569
3570,13570
3571,13571
3572,13572
3573,13573
3574,13574
3575,13575
3576,13576
3577,13577
3578,13578
3579,13579
3580,13580
3581,13581
3582,13582
3583,13583
3584,13584
3585,13585
3586,13586
3587,13587
3588,13588
3589,13589
3590,13590
3591,13591
3592,13592
3593,13593
3594,13594
3595,13595
3596,13596
3597,13597
3598,13598
3599,13599
3600,13600
3601,13601
3602,13602
3603,13603
3604,13604
3605,13605
3606,13606
3607,13607
3608,13608
3609,13609
3610,13610
3611,13611
3612,13612
3613,13613
3614,13614
3615,13615
3616,13616
3617,13617
3618,13618
3619,13619
3620,13620
3621,13621
3622,13622
3623,13623
3624,13624
3625,13625
3626,13626
3627,13627
3628,13628
3629,13629
3630,13630
3631,13631
3632,13632
3633,13633
3634,13634
3635,13635
3636,13636
3637,13637
3638,13638
3639,13639
3640,13640
3641,13641
3642,13642
3643,13643
3644,13644
3645,13645
3646,13646
3647,13647
3648,13648
3649,13649
3650,13650
3651,13651
3652,13652
3653,13653
3654,13654
3655,13655
3656,13656
3657,13657
3658,13658
3659,13659
3660,13660
3661,13661
3662,13662
3663,13663
3664,13664
3665,13665
3666,13666
3667,13667
3668,13668
3669,13669
3670,13670
3671,13671
3672,13672
3673,13673
3674,13674
3675,13675
3676,13676
3677,13677
3678,13678
3679,13679
3680,13680
3681,13681
3682,13682
3683,13683
3684,13684
3685,13685
3686,13686
3687,13687
3688,13688
3689,13689
3690,13690
3691,13691
3692,13692
3693,13693
3694,13694
3695,13695
3696,13696
3697,13697
3698,13698
3699,13699
3700,13700
3701,13701
3702,13702
3703,13703
3704,13704
3705,13705
3706,13706
3707,13707
3708,13708
3709,13709
3710,13710
3711,13711
3712,13712
3713,13713
3714,13714
3715,13715
3716,13716
3717,13717
3718,13718
3719,13719
3720,13720
3721,13721
3722,13722
3723,13723
3724,13724
3725,13725
3726,13726
3727,13727
3728,13728
3729,13729
3730,13730
3731,13731
3732,13732
3733,13733
3734,13734
3735,13735
3736,13736
3737,13737
3738,13738
3739,13739
3740,13740
3741,13741
3742,13742
3743,13743
3744,13744
3745,13745
3746,13746
3747,13747
3748,13748
3749,13749
3750,13750
3751,13751
3752,13752
3753,13753
3754,13754
3755,13755
3756,13756
3757,13757
3758,13758
3759,13759
3760,13760
3761,13761
3762,13762
3763,13763
3764,13764
3765,13765
3766,13766
3767,13767
3768,13768
3769,13769
3770,13770
3771,13771
3772,13772
3773,13773
3774,13774
3775,13775
3776,13776
3777,13777
3778,13778
3779,13779
3780,13780
3781,13781
3782,13782
3783,13783
3784,13784
3785,13785
3786,13786
3787,13787
3788,13788
3789,13789
3790,13790
3791,13791
3792,13792
3793,13793
3794,13794
3795,13795
3796,13796
3797,13797
3798,13798
3799,13799
3800,13800
3801,13801
3802,13802
3803,13803
3804,13804
3805,13805
3806,13806
3807,13807
3808,13808
3809,13809
3810,13810
3811,13811
3812,13812
3813,13813
3814,13814
3815,13815
3816,13816
3817,13817
3818,13818
3819,13819
3820,13820
3821,13821
3822,13822
3823,13823
3824,13824
3825,13825
3826,13826
3827,13827
3828,13828
3829,13829
3830,13830
3831,13831
3832,13832
3833,13833
3834,13834
3835,13835
3836,13836
3837,13837
3838,13838
3839,13839
3840,13840
3841,13841
3842,13842
3843,13843
3844,13844
3845,13845
3846,13846
3847,13847
3848,13848
3849,13849
3850,13850
3851,13851
3852,13852
3853,13853
3854,13854
3855,13855
3856,13856
3857,13857
3858,13858
3859,13859
3860,13860
3861,13861
3862,13862
3863,13863
3864,13864
3865,13865
3866,13866
3867,13867
3868,13868
3869,13869
3870,13870
3871,13871
3872,13872
3873,13873
3874,13874
3875,13875
3876,13876
3877,13877
3878,13878
3879,13879
3880,13880
3881,13881
3882,13882
3883,13883
3884,13884
3885,13885
3886,13886
3887,13887
3888,13888
3889,13889
3890,13890
3891,13891
3892,13892
3893,13893
3894,13894
3895,13895
3896,13896
3897,13897
3898,13898
3899,13899
3900,13900
3901,13901
3902,13902
3903,13903
3904,13904
3905,13905
3906,13906
3907,13907
3908,13908
3909,13909
3910,13910
3911,13911
3912,13912
3913,13913
3914,13914
3915,13915
3916,13916
3917,13917
3918,13918
3919,13919
3920,13920
3921,13921
3922,13922
3923,13923
3924,13924
3925,13925
3926,13926
3927,13927
3928,13928
3929,13929
3930,13930
3931,13931
3932,13932
3933,13933
3934,13934
3935,13935
3936,13936
3937,13937
3938,13938
3939,13939
3940,13940
3941,13941
3942,13942
3943,13943
3944,13944
3945,13945
3946,13946
3947,13947
3948,13948
3949,13949
3950,13950
3951,13951
3952,13952
3953,13953
3954,13954
3955,13955
3956,13956
3957,13957
3958,13958
3959,13959
3960,13960
3961,13961
3962,13962
3963,13963
3964,13964
3965,13965
3966,13966
3967,13967
3968,13968
3969,13969
3970,13970
3971,13971
3972,13972
3973,13973
3974,13974
3975,13975
3976,13976
3977,13977
3978,13978
3979,13979
3980,13980
3981,13981
3982,13982
3983,13983
3984,13984
3985,13985
3986,13986
3987,13987
3988,13988
3989,13989
3990,13990
3991,13991
3992,13992
3993,13993
3994,13994
3995,13995
3996,13996
3997,13997
3998,13998
3999,13999
4000,14000
4001,14001
4002,14002
4003,14003
4004,14004
4005,14005
4006,14006
4007,14007
4008,14008
4009,14009
4010,14010
4011,14011
4012,14012
4013,14013
4014,14014
4015,14015
4016,14016
4017,14017
4018,14018
4019,14019
4020,14020
4021,14021
4022,14022
4023,14023
4024,14024
4025,14025
4026,14026
4027,14027
4028,14028
4029,14029
4030,14030
4031,14031
4032,14032
4033,14033
4034,14034
4035,14035
4036,14036
4037,14037
4038,14038
4039,14039
4040,14040
4041,14041
4042,14042
4043,14043
4044,14044
4045,14045
4046,14046
4047,14047
4048,14048
4049,14049
4050,14050
4051,14051
4052,14052
4053,14053
4054,14054
4055,14055
4056,14056
4057,14057
4058,14058
4059,14059
4060,14060
4061,14061
4062,14062
4063,14063
4064,14064
4065,14065
4066,14066
4067,14067
4068,14068
4069,14069
4070,14070
4071,14071
4072,14072
4073,14073
4074,14074
4075,14075
4076,14076
4077,14077
4078,14078
4079,14079
4080,14080
4081,14081
4082,14082
4083,14083
4084,14084
4085,14085
4086,14086
4087,14087
4088,14088
4089,14089
4090,14090
4091,14091
4092,14092
4093,14093
4094,14094
4095,14095
4096,14096
4097,14097
4098,14098
4099,14099
4100,14100
4101,14101
4102,14102
4103,14103
4104,14104
4105,14105
4106,14106
4107,14107
4108,14108
4109,14109
4110,14110
4111,14111
4112,14112
4113,14113
4114,14114
4115,14115
4116,14116
4117,14117
4118,14118
4119,14119
4120,14120
4121,14121
4122,14122
4123,14123
4124,14124
4125,14125
4126,14126
4127,14127
4128,14128
4129,14129
4130,14130
4131,14131
4132,14132
4133,14133
4134,14134
4135,14135
4136,14136
4137,14137
4138,14138
4139,14139
4140,14140
4141,14141
4142,14142
4143,14143
4144,14144
4145,14145
4146,14146
4147,14147
4148,14148
4149,14149
4150,14150
4151,14151
4152,14152
4153,14153
4154,14154
4155,14155
4156,14156
4157,14157
4158,14158
4159,14159
4160,14160
4161,14161
4162,14162
4163,14163
4164,14164
4165,14165
4166,14166
4167,14167
4168,14168
4169,14169
4170,14170
4171,14171
4172,14172
4173,14173
4174,14174
4175,14175
4176,14176
4177,14177
4178,14178
4179,14179
4180,14180
4181,14181
4182,14182
4183,14183
4184,14184
4185,14185
4186,14186
4187,14187
4188,14188
4189,14189
4190,14190
4191,14191
4192,14192
4193,14193
4194,14194
4195,14195
4196,14196
4197,14197
4198,14198
4199,14199
4200,14200
4201,14201
4202,14202
4203,14203
4204,14204
4205,14205
4206,14206
4207,14207
4208,14208
4209,14209
4210,14210
4211,14211
4212,14212
4213,14213
4214,14214
4215,14215
4216,14216
4217,14217
4218,14218
4219,14219
4220,14220
4221,14221
4222,14222
4223,14223
4224,14224
4225,14225
4226,14226
4227,14227
4228,14228
4229,14229
4230,14230
4231,14231
4232,14232
4233,14233
4234,14234
4235,14235
4236,14236
4237,14237
4238,14238
4239,14239
4240,14240
4241,14241
4242,14242
4243,14243
4244,14244
4245,14245
4246,14246
4247,14247
4248,14248
4249,14249
4250,14250
4251,14251
4252,14252
4253,14253
4254,14254
4255,14255
4256,14256
4257,14257
4258,14258
4259,14259
4260,14260
4261,14261
4262,14262
4263,14263
4264,14264
4265,14265
4266,14266
4267,14267
4268,14268
4269,14269
4270,14270
4271,14271
4272,14272
4273,14273
4274,14274
4275,14275
4276,14276
4277,14277
4278,14278
4279,14279
4280,14280
4281,14281
4282,14282
4283,14283
4284,14284
4285,14285
4286,14286
4287,14287
4288,14288
4289,14289
4290,14290
4291,14291
4292,14292
4293,14293
4294,14294
4295,14295
4296,14296
4297,14297
4298,14298
4299,14299
4300,14300
4301,14301
4302,14302
4303,14303
4304,14304
4305,14305
4306,14306
4307,14307
4308,14308
4309,14309
4310,14310
4311,14311
4312,14312
4313,14313
4314,14314
4315,14315
4316,14316
4317,14317
4318,14318
4319,14319
4320,14320
4321,14321
4322,14322
4323,14323
4324,14324
4325,14325
4326,14326
4327,14327
4328,14328
4329,14329
4330,14330
4331,14331
4332,14332
4333,14333
4334,14334
4335,14335
4336,14336
4337,14337
4338,14338
4339,14339
4340,14340
4341,14341
4342,14342
4343,14343
4344,14344
4345,14345
4346,14346
4347,14347
4348,14348
4349,14349
4350,14350
4351,14351
4352,14352
4353,14353
4354,14354
4355,14355
4356,14356
4357,14357
4358,14358
4359,14359
4360,14360
4361,14361
4362,14362
4363,14363
4364,14364
4365,14365
4366,14366
4367,14367
4368,14368
4369,14369
4370,14370
4371,14371
4372,14372
4373,14373
4374,14374
4375,14375
4376,14376
4377,14377
4378,14378
4379,14379
4380,14380
4381,14381
4382,14382
4383,14383
4384,14384
4385,14385
4386,14386
4387,14387
4388,14388
4389,14389
4390,14390
4391,14391
4392,14392
4393,14393
4394,14394
4395,14395
4396,14396
4397,14397
4398,14398
4399,14399
4400,14400
4401,14401
4402,14402
4403,14403
4404,14404
4405,14405
4406,14406
4407,14407
4408,14408
4409,14409
4410,14410
4411,14411
4412,14412
4413,14413
4414,14414
4415,14415
4416,14416
4417,14417
4418,14418
4419,14419
4420,14420
4421,14421
4422,14422
4423,14423
4424,14424
4425,14425
4426,14426
4427,14427
4428,14428
4429,14429
4430,14430
4431,14431
4432,14432
4433,14433
4434,14434
4435,14435
4436,14436
4437,14437
4438,14438
4439,14439
4440,14440
4441,14441
4442,14442
4443,14443
4444,14444
4445,14445
4446,14446
4447,14447
4448,14448
4449,14449
4450,14450
4451,14451
4452,14452
4453,14453
4454,14454
4455,14455
4456,14456
4457,14457
4458,14458
4459,14459
4460,14460
4461,14461
4462,14462
4463,14463
4464,14464
4465,14465
4466,14466
4467,14467
4468,14468
4469,14469
4470,14470
4471,14471
4472,14472
4473,14473
4474,14474
4475,14475
4476,14476
4477,14477
4478,14478
4479,14479
4480,14480
4481,14481
4482,14482
4483,14483
4484,14484
4485,14485
4486,14486
4487,14487
4488,14488
4489,14489
4490,14490
4491,14491
4492,14492
4493,14493
4494,14494
4495,14495
4496,14496
4497,14497
4498,14498
4499,14499
4500,14500
4501,14501
4502,14502
4503,14503
4504,14504
4505,14505
4506,14506
4507,14507
4508,14508
4509,14509
4510,14510
4511,14511
4512,14512
4513,14513
4514,14514
4515,14515
4516,14516
4517,14517
4518,14518
4519,14519
4520,14520
4521,14521
4522,14522
4523,14523
4524,14524
4525,14525
4526,14526
4527,14527
4528,14528
4529,14529
4530,14530
4531,14531
4532,14532
4533,14533
4534,14534
4535,14535
4536,14536
4537,14537
4538,14538
4539,14539
4540,14540
4541,14541
4542,14542
4543,14543
4544,14544
4545,14545
4546,14546
4547,14547
4548,14548
4549,14549
4550,14550
4551,14551
4552,14552
4553,14553
4554,14554
4555,14555
4556,14556
4557,14557
4558,14558
4559,14559
4560,14560
4561,14561
4562,14562
4563,14563
4564,14564
4565,14565
4566,14566
4567,14567
4568,14568
4569,14569
4570,14570
4571,14571
4572,14572
4573,14573
4574,14574
4575,14575
4576,14576
4577,14577
4578,14578
4579,14579
4580,14580
4581,14581
4582,14582
4583,14583
4584,14584
4585,14585
4586,14586
4587,14587
4588,14588
4589,14589
4590,14590
4591,14591
4592,14592
4593,14593
4594,14594
4595,14595
4596,14596
4597,14597
4598,14598
4599,14599
4600,14600
4601,14601
4602,14602
4603,14603
4604,14604
4605,14605
4606,14606
4607,14607
4608,14608
4609,14609
4610,14610
4611,14611
4612,14612
4613,14613
4614,14614
4615,14615
4616,14616
4617,14617
4618,14618
4619,14619
4620,14620
4621,14621
4622,14622
4623,14623
4624,14624
4625,14625
4626,14626
4627,14627
4628,14628
4629,14629
4630,14630
4631,14631
4632,14632
4633,14633
4634,14634
4635,14635
4636,14636
4637,14637
4638,14638
4639,14639
4640,14640
4641,14641
4642,14642
4643,14643
4644,14644
4645,14645
4646,14646
4647,14647
4648,14648
4649,14649
4650,14650
4651,14651
4652,14652
4653,14653
4654,14654
4655,14655
4656,14656
4657,14657
4658,14658
4659,14659
4660,14660
4661,14661
4662,14662
4663,14663
4664,14664
4665,14665
4666,14666
4667,14667
4668,14668
4669,14669
4670,14670
4671,14671
4672,14672
4673,14673
4674,14674
4675,14675
4676,14676
4677,14677
4678,14678
4679,14679
4680,14680
4681,14681
4682,14682
4683,14683
4684,14684
4685,14685
4686,14686
4687,14687
4688,14688
4689,14689
4690,14690
4691,14691
4692,14692
4693,14693
4694,14694
4695,14695
4696,14696
4697,14697
4698,14698
4699,14699
4700,14700
4701,14701
4702,14702
4703,14703
4704,14704
4705,14705
4706,14706
4707,14707
4708,14708
4709,14709
4710,14710
4711,14711
4712,14712
4713,14713
4714,14714
4715,14715
4716,14716
4717,14717
4718,14718
4719,14719
4720,14720
4721,14721
4722,14722
4723,14723
4724,14724
4725,14725
4726,14726
4727,14727
4728,14728
4729,14729
4730,14730
4731,14731
4732,14732
4733,14733
4734,14734
4735,14735
4736,14736
4737,14737
4738,14738
4739,14739
4740,14740
4741,14741
4742,14742
4743,14743
4744,14744
4745,14745
4746,14746
4747,14747
4748,14748
4749,14749
4750,14750
4751,14751
4752,14752
4753,14753
4754,14754
4755,14755
4756,14756
4757,14757
4758,14758
4759,14759
4760,14760
4761,14761
4762,14762
4763,14763
4764,14764
4765,14765
4766,14766
4767,14767
4768,14768
4769,14769
4770,14770
4771,14771
4772,14772
4773,14773
4774,14774
4775,14775
4776,14776
4777,14777
4778,14778
4779,14779
4780,14780
4781,14781
4782,14782
4783,14783
4784,14784
4785,14785
4786,14786
4787,14787
4788,14788
4789,14789
4790,14790
4791,14791
4792,14792
4793,14793
4794,14794
4795,14795
4796,14796
4797,14797
4798,14798
4799,14799
4800,14800
4801,14801
4802,14802
4803,14803
4804,14804
4805,14805
4806,14806
4807,14807
4808,14808
4809,14809
4810,14810
4811,14811
4812,14812
4813,14813
4814,14814
4815,14815
4816,14816
4817,14817
4818,14818
4819,14819
4820,14820
4821,14821
4822,14822
4823,14823
4824,14824
4825,14825
4826,14826
4827,14827
4828,14828
4829,14829
4830,14830
4831,14831
4832,14832
4833,14833
4834,14834
4835,14835
4836,14836
4837,14837
4838,14838
4839,14839
4840,14840
4841,14841
4842,14842
4843,14843
4844,14844
4845,14845
4846,14846
4847,14847
4848,14848
4849,14849
4850,14850
4851,14851
4852,14852
4853,14853
4854,14854
4855,14855
4856,14856
4857,14857
4858,14858
4859,14859
4860,14860
4861,14861
4862,14862
4863,14863
4864,14864
4865,14865
4866,14866
4867,14867
4868,14868
4869,14869
4870,14870
4871,14871
4872,14872
4873,14873
4874,14874
4875,14875
4876,14876
4877,14877
4878,14878
4879,14879
4880,14880
4881,14881
4882,14882
4883,14883
4884,14884
4885,14885
4886,14886
4887,14887
4888,14888
4889,14889
4890,14890
4891,14891
4892,14892
4893,14893
4894,14894
4895,14895
4896,14896
4897,14897
4898,14898
4899,14899
4900,14900
4901,14901
4902,14902
4903,14903
4904,14904
4905,14905
4906,14906
4907,14907
4908,14908
4909,14909
4910,14910
4911,14911
4912,14912
4913,14913
4914,14914
4915,14915
4916,14916
4917,14917
4918,14918
4919,14919
4920,14920
4921,14921
4922,14922
4923,14923
4924,14924
4925,14925
4926,14926
4927,14927
4928,14928
4929,14929
4930,14930
4931,14931
4932,14932
4933,14933
4934,14934
4935,14935
4936,14936
4937,14937
4938,14938
4939,14939
4940,14940
4941,14941
4942,14942
4943,14943
4944,14944
4945,14945
4946,14946
4947,14947
4948,14948
4949,14949
4950,14950
4951,14951
4952,14952
4953,14953
4954,14954
4955,14955
4956,14956
4957,14957
4958,14958
4959,14959
4960,14960
4961,14961
4962,14962
4963,14963
4964,14964
4965,14965
4966,14966
4967,14967
4968,14968
4969,14969
4970,14970
4971,14971
4972,14972
4973,14973
4974,14974
4975,14975
4976,14976
4977,14977
4978,14978
4979,14979
4980,14980
4981,14981
4982,14982
4983,14983
4984,14984
4985,14985
4986,14986
4987,14987
4988,14988
4989,14989
4990,14990
4991,14991
4992,14992
4993,14993
4994,14994
4995,14995
4996,14996
4997,14997
4998,14998
